PSRJ,RA,Dec,l,b,Period,Pdot,Edot,DM,DIST,TS,Edot/D2
J0006+1834,358.9575,22.77138888888889,106.52968533749868,-38.32277946967497,0.69374767047,2.097e-15,2.4794397172145643e+32,11.41,0.86,-1.4589400961995125e-05,3.3524063239785894e+32
J0011+08,1.52,18.583055555555557,108.17213576608741,-42.98498835673797,2.55287,0.0,0.0,24.9,5.399,5.2394886885304,0.0
J0021-0909,2.891666666666666,8.166666666666666,106.22826909267506,-53.40705009164144,2.314130829094102,1.0389090898677685e-15,3.3095851448655936e+30,25.2,25.0,2.6768060592003167,5.29533623178495e+27
J0034-0721,5.464458333333333,-9.166305555555557,100.29090340385065,-70.72645630325351,0.9429509945597656,4.082100067114921e-16,1.9221001589575745e+31,10.922,1.03,4.048239316791296,1.8117637467787488e+31
J0038-2501,8.536959583333333,-7.364835833333333,110.42044663712129,-69.81547568160013,0.2569264575329,7.6e-19,1.7690774316190028e+30,5.71,0.604,55.37407951161731,4.8492320282526064e+30
J0039+35,9.542766666666665,-25.02520277777778,67.41328769973707,-86.35368585034863,0.5367,0.0,0.0,53.04,25.0,5.4716113288886845,0.0
J0048+3412,9.775,35.75,120.12129533181988,-27.054406817734044,1.2170942960575557,2.354540983090378e-15,5.155767322319507e+31,39.922,4.5,24.042590665630996,2.5460579369479046e+30
J0050+03,12.141599166666666,34.202235333333334,122.25526280190384,-28.665739500868593,1.36656,0.0,0.0,26.5,25.0,5.385608199168928,0.0
J0051+0423,12.629166666666666,3.8,122.48481007314314,-59.07094781096082,0.3547317989,7e-18,6.190951658612463e+30,13.9,1.247,0.001183539628982544,3.98129635173331e+30
J0057-7201,12.875416666666666,4.380277777777778,122.96233367442873,-58.49146604298863,0.7380624426,1e-16,9.819297498732461e+30,27.0,3.476,0.0020622728625312448,8.126824527097915e+29
J0107+1322,14.433333333333332,-72.02194444444444,302.2438291989547,-45.097896066169625,1.1973833938,6.87e-16,1.5798533724277894e+31,21.671,2.349,1.9185245037078857e-07,2.8631938201971926e+30
J0108-1431,16.916458333333335,13.375472222222223,128.9914703962031,-49.30525064084716,0.807564614019424,7.70397323650844e-17,5.774875954991473e+30,2.38,0.21,-0.00024798233062028885,1.3094956814039623e+32
J0122+1416,17.034779233333328,-14.530607527777779,140.93050386000505,-76.81514116286601,1.38899395038,3.803e-15,5.602540432960178e+31,17.693,1.584,0.0,2.2329276161871947e+31
J0125-23,20.50545833333333,14.27138888888889,134.02967769347995,-47.94024734204595,0.00367586,0.0,0.0,10.0,0.918,4.679880523355678,0.0
J0133-6957,21.291666666666664,-23.45722222222222,189.06938418543857,-81.54144406139493,0.463473741703,1.2e-16,4.758450770965691e+31,22.948,2.441,0.0,7.986013165042721e+30
J0134-2937,23.38525,-69.95824444444445,297.6906022235941,-46.73919678349,0.13696161051365074,7.836990207406537e-17,1.2042384185524356e+33,21.806,25.0,1.0210073621710762,1.926781469683897e+30
J0137+1654,23.57784333333333,-29.621400555555557,230.25107585989576,-80.24973921467095,0.4147630265082,1.223e-17,6.766842826131918e+30,26.0838,3.061,2.47052774799522,7.22203235948212e+29
J0139+3336,24.349499999999995,16.911694444444443,138.44918006350719,-44.570853007376634,1.2479609557,2.064e-15,4.192435942634615e+31,21.23,1.472,0.32482843298930675,1.9348656546451403e+31
J0146+31,24.98845833333333,33.61658333333334,134.38073127694486,-28.174293618998572,0.9381,0.0,0.0,25.0,1.826,4.989702433347702,0.0
J0151-0635,26.562499999999996,31.066666666666666,136.53204856744978,-30.35342962754841,1.464664549333674,4.425913626891812e-16,5.560939380224087e+30,25.66,25.0,-0.020070807309821248,8.897503008358539e+27
J0152+0948,27.844657916666666,-6.584163055555555,160.3681895237308,-65.00382378117328,2.74664729014,1.7e-15,3.238918189362406e+30,22.881,2.477,1.343544436735101,5.278955065426969e+29
J0152-1637,28.098875,9.802777777777779,146.81187310995432,-50.221237495541956,0.8327416126877758,1.2992016095116276e-15,8.881891938510714e+31,11.92577,0.92,3.644988355692476,1.0493728660811335e+32
J0154+1833,28.04522458333333,-16.631566944444444,179.30581916288017,-72.4565557873747,0.0023645697763005993,2.918601298491007e-21,8.71521500275439e+33,19.7978,1.622,19.6680416042218,3.312656507377136e+33
J0156+04,28.653678041666662,18.564099444444444,143.18500449739417,-41.809658621816034,0.0,0.0,0.0,27.5,25.0,1.6850103619508445,0.0
J0156+3949,29.004166666666663,4.033333333333333,151.97485871941484,-55.15487432817626,1.8115606113139169,1.516169353990392e-16,1.0068130659997316e+30,59.833,4.916,0.24571292649488896,4.166055915125663e+28
J0158+21,29.23018958333333,39.82459641666667,136.36949629244776,-21.332363045808158,0.5053,0.0,0.0,20.0,1.569,4.136450213380158,0.0
J0206-4028,29.62083333333333,21.133333333333333,143.20768001425955,-39.08421881100792,0.6305512595685335,1.1965618242943554e-15,1.884229013539864e+32,12.9,1.26,-5.256826989352703e-05,1.1868411523934642e+32
J0211-8159,31.505387499999998,-40.46767222222223,258.59478058850686,-69.63294186044455,1.0773327013,2.9e-16,9.156051079167073e+30,24.36,1.523,11.925707072019577,3.947375126229107e+30
J0220+36,32.99583333333332,-81.99338888888889,299.59213432165643,-34.60571144386327,1.0297,0.0,0.0,40.0,2.246,3.6877968839835376,0.0
J0229+20,35.20833333333333,36.36666666666667,142.37648042421415,-23.106805750661948,0.8069,0.0,0.0,27.0,2.089,0.0,0.0
J0241+16,37.262499999999996,20.966666666666665,151.57927203035976,-36.41667658858952,1.5454,0.0,0.0,16.0,0.936,-0.0064560966566205025,0.0
J0244+14,40.44166666666667,16.066666666666666,157.9637312839593,-39.18533049019054,2.1281,0.0,0.0,31.0,2.796,0.08934927580412477,0.0
J0255-5304,41.2125,14.45,159.91427792893194,-40.14040774323371,0.44770847319884904,3.1289133095648354e-17,1.3764718241781172e+31,15.9,1.514,-3.480818122625351e-08,6.005035451497678e+30
J0302+2252,43.98455208333332,-53.07257638888889,269.86151567755434,-55.31002447163721,1.207164839778,8.25e-17,1.8514583749723866e+30,18.9922,1.014,0.06922917522024363,1.800686226140139e+30
J0304+1932,45.63329166666666,22.87002777777778,158.43597520744848,-30.815430205660842,1.387584446262276,1.2952352836766371e-15,1.9139479988708576e+31,15.65677,0.739,1.1641532182693481e-10,3.504622599883282e+31
J0305+11,46.13797916666666,19.547611111111113,161.13522354611118,-33.27036646595256,0.8621,0.0,0.0,27.97,1.838,0.5377460909076035,0.0
J0317+13,46.27499999999999,11.383333333333333,167.46315327046395,-39.66219824808025,1.9743,0.0,0.0,12.9,0.366,0.4295365458820015,0.0
J0329+1654,49.474999999999994,13.483333333333333,168.7627145382993,-36.03977133326977,0.893319660649,2.1525e-16,1.1920163710709027e+31,40.821,2.557,1.7123191597638652,1.8231431245137693e+30
J0337+1715,52.28562499999999,16.900555555555552,168.49919704220204,-31.68271450113595,0.0027325886324418656,1.7665524732273266e-20,3.417932697938785e+34,21.3162,1.3,11.297688852413557,2.0224453833957306e+34
J0343-3000,54.432607874999995,17.25411888888889,169.9896885425739,-30.039482236976255,2.59702715738,5.7e-17,1.2847100426617301e+29,20.2,1.594,0.6054153374861926,5.056249370922524e+28
J0344-0901,55.866416666666666,-30.007638888888888,227.75784503343976,-52.338102378865244,1.2260055725983963,3.4707843432401247e-15,7.435497531794904e+31,30.9,1.507,2.7667874904582277,3.274036593571915e+31
J0348+0432,56.15612916666666,-9.017405555555557,197.39694268031883,-45.333247178131685,0.03912265690178056,2.407452873016325e-19,1.5872031187909346e+32,40.46313,2.1,0.5897247728426009,3.599100042609829e+31
J0349+2340,57.18182916666666,4.536516111111111,183.33684177617616,-36.7736247614614,2.4207709776,1.0995e-15,3.059805764154879e+30,62.962,3.746,1.9070751024410129,2.180511152921457e+29
J0401-7608,57.489083333333326,23.68138888888889,167.43396312724073,-23.38398773584895,0.5452541866069086,1.5438007601297895e-15,3.75970664929415e+32,21.7,1.014,1.5286205746233463,3.656605014310647e+32
J0407+1607,60.465624999999996,-76.13693055555557,290.31278581129703,-35.90726166248414,0.02570173919463,7.9e-20,1.8369582718873003e+32,35.65,1.34,2.0398758351802826e-05,1.0230331208995878e+32
J0410-31,61.978912499999986,16.121222222222222,176.61811542575174,-25.655854321532846,1.8785,0.0,0.0,9.2,0.415,-3.249431028962135e-05,0.0
J0418-4154,62.662499999999994,-31.12472222222222,230.58629242497082,-46.67077398880029,0.7571189450307722,1.319435806136959e-15,1.200205636134392e+32,24.325,2.519,1.4158486650558189,1.8914694311866449e+31
J0420-5022,64.51572833333331,-41.90400555555556,246.26150756543814,-45.682127771188384,3.453004027143985,2.7590369981747547e-14,2.645611114796242e+31,0.0,0.0,2.07475592661649,0.0
J0421-0345,65.00812499999999,-50.38002777777778,258.1359551819414,-44.38614274540936,2.1613084945519363,1.1633759104673982e-15,4.5491423039095225e+30,44.61,2.196,9.742154496139847,9.43332616661342e+29
J0447-04,65.38981249999999,-3.7518343333333335,197.50390743522206,-34.756745772916595,2.18819,0.0,0.0,29.83,0.675,-1.352047547698021e-06,0.0
J0448-2749,71.74999999999999,-4.583333333333333,202.07228320212704,-29.65664714944021,0.4504483308562931,1.4834695224561473e-16,6.407718422228129e+31,26.22,1.809,5.918675682973117,1.9580613064607949e+31
J0450-1248,72.17319124999999,-27.829647,228.34705162678318,-37.918146925407136,0.4380141493906399,1.026489270523791e-16,4.822250103163157e+31,37.041,1.774,4.656612873077393e-10,1.5322954079161598e+31
J0452-1759,72.5365875,-12.801972222222222,211.0752847585252,-32.62911255225295,0.5489392232937018,5.753107046225423e-15,1.3730596385623156e+33,39.903,0.4,-0.0006220975192263722,8.581622741014471e+33
J0457-6337,73.14210708333333,-17.98982527777778,217.07820940323495,-34.08674316777629,2.49701169613,2.1e-16,5.324971670403979e+29,27.5,1.333,1.3761156790424138,2.9967947746899097e+29
J0458-0505,74.28245833333332,-63.62511111111111,273.8158683127376,-36.7010843935371,1.88347965849,5.3e-16,3.13150279537407e+30,47.806,1.938,-8.773058652877808e-07,8.337680679426701e+29
J0459-0210,74.65467083333333,-5.08475,204.1387945225295,-27.34765621604144,1.1330761236588236,1.3982535618344143e-15,3.7946210069335144e+31,21.02,0.16,2.6131374288816005,1.482273830833404e+33
J0511-6508,74.96641791666666,-2.1685075,201.4441314336154,-25.67795025303404,0.322061827468,2.06e-16,2.4344967457942854e+32,25.66,0.818,0.10404794430360198,3.638334218761075e+32
J0514-4408,77.98541666666667,-65.14347222222223,275.2497261191134,-34.827008672518026,0.3202708224090367,2.0420312409600508e-15,2.453974207690334e+33,15.122,0.966,0.0,2.6297577336376064e+33
J0520-2553,78.71745833333333,-44.14371666666666,249.51455982590713,-35.36498336049196,0.2416421756731351,3.0092355386766885e-17,8.419721118594278e+31,33.77,2.379,10.676033544586971,1.4876775962634872e+31
J0525-6607,80.15076624999998,-25.886747166666666,228.43443817120368,-30.54276789581595,8.047,6.5e-11,4.924601458522851e+33,0.0,0.0,22.874457417521626,0.0
J0529-0715,81.50375,-66.07674999999999,276.0866985400922,-33.245999918446664,0.6892236013587903,5.754503397724147e-16,6.938844664000803e+31,87.3,7.002,-0.00013228505849838257,1.415281899707931e+30
J0533-4524,82.2873875,-7.257341666666667,210.06476134636347,-21.58162370248036,0.157284525096,2.8024e-16,2.8433601660843874e+33,18.93,1.239,1.7099324428709224,1.8522058952254495e+33
J0536-7543,83.307875,-45.413944444444446,251.46068580733842,-32.26443828408107,1.245856132913541,5.777130229583847e-16,1.179419247869252e+31,18.58,0.143,1.5577754960395396,5.767613320305405e+32
J0540-7125,84.12841666666665,-75.73188888888889,287.16109561394694,-30.820886512083547,1.286014595,8.2e-16,1.5220744534559337e+31,29.41,0.547,1.3923295483691618,5.086994219612155e+31
J0557-2948,85.12833333333333,-71.42538888888889,282.14779535889767,-31.23640981107617,0.0436426389,7.3e-20,3.4669660463956934e+31,49.05,4.272,6.136353458859958,1.8997090881809503e+30
J0600-5756,89.38749791666666,-29.80466777777778,235.4696694340057,-23.988841062210565,2.261364513,2.78e-15,9.490581320028085e+30,30.0,0.553,-0.00019437470473349094,3.103434274343817e+31
J0614+83,90.19374999999998,-57.94833333333333,266.4922575974998,-29.342973171098645,1.039203,0.0,0.0,44.0,3.662,0.7644539496395737,0.0
J0621-55,93.49999999999999,83.23333333333333,130.35331212527743,25.83326248970152,0.0,0.0,0.0,22.0,0.38,8.149072527885437e-09,0.0
J0636-4549,95.17499999999998,-56.083333333333336,264.80423957367816,-26.410707800926684,1.98459736713,3.1722e-15,1.6021495971386932e+31,26.31,0.383,4.9293638141825795,1.092208411768226e+32
J0645+5158,99.14059999999998,-45.82572777777778,254.54700557581538,-21.547228357363863,0.008853496686297741,4.92191346923651e-21,2.7999432157120092e+32,18.247536,1.2499909125372004,0.48460620385594666,1.791989713384747e+32
J0645+80,101.49617749999999,51.97081008333333,163.96294573174822,20.250930193293048,0.657873,0.0,0.0,50.0,5.249,0.0,0.0
J0653+8051,101.49999999999999,80.15,133.94546192500238,26.464933425938952,1.2144405115160142,3.798786655040397e-15,8.37289995897039e+31,33.31882,2.348,-0.004783127922564745,1.518727010948894e+31
J0656-5449,103.31287499999998,80.86672777777777,133.17777810408705,26.828446915938592,0.183156898795,3.191e-17,2.05029662368518e+32,67.5,0.372,0.6217179757077247,1.4815994794811393e+33
J0700+6418,104.20412499999999,-54.82081111111111,264.79515175990315,-21.141215276865122,0.1956709451662738,6.853394262025064e-19,3.6114900682750913e+30,8.77387,0.413,0.0,2.117319130835669e+31
J0709-5923,105.15750833333333,64.30311111111111,151.55063241283472,25.23685292027241,0.485268383925,1.26e-16,4.352956129649171e+31,65.0,0.371,2.707218205672689,3.162543231776267e+32
J0711-6830,107.38555416666667,-59.39877777777778,270.02943430856726,-20.899354437556426,0.0054909685061923135,1.4906674204912025e-20,3.554623748737766e+33,18.4066,0.106,2.6203264710493386,3.163602481966684e+35
J0738+6904,107.97578797499999,-68.51317068333333,279.5309944394957,-23.279854844800965,6.827692802169157,2.6968159536958472e-14,3.344946125412242e+30,17.22,1.124,0.0003568007377907634,2.64762519266809e+30
J0740+41,114.59419749999998,69.07222833333333,146.59347461749132,29.37719935730601,0.003139215,0.0,0.0,20.83,0.51,19.781016488792375,0.0
J0742+4334,115.24999999999999,41.06666666666667,178.17930074530062,26.329460254489476,0.606190680037,3.71e-16,6.575153278347639e+31,36.255,1.61,0.37633834267035127,2.536612506596057e+31
J0747+6646,115.67554166666666,43.56727777777778,175.53571365678587,27.21363703785142,0.40770052440883003,6.781764478211989e-16,3.950741639573172e+32,27.576,1.865,-1.1641532182693481e-10,1.1358499348297397e+32
J0750+57,116.91536999999998,66.78243297222222,149.21766025168202,30.282716431196075,1.174875,0.0,0.0,27.0,1.624,1.257285475730896e-08,0.0
J0750-6846,117.49999999999999,57.0,160.55738759682302,30.327073802579488,0.915171299,0.0,0.0,26.0,0.106,1.089596439851448,0.0
J0754+3231,117.70833333333331,-68.74083333333333,281.03082026643386,-20.0143912770604,1.442349479142921,1.07986494552908e-15,1.4207500302439585e+31,39.9863,1.464,-1.0477378964424133e-09,6.628809227675312e+30
J0803+34,118.66953333333333,32.53227777777778,188.18727219857678,26.720953434057538,0.0,0.0,0.0,34.0,1.305,-4.656612873077393e-10,0.0
J0806+08,120.77083333333331,34.31666666666667,186.7784825703492,28.890426786289435,2.0631,0.0,0.0,46.0,1.848,-0.0010089465649798512,0.0
J0811+37,121.5208333333333,8.283333333333333,213.9195174646521,20.334180264688822,1.2483,0.0,0.0,16.95,0.355,0.03887465130537748,0.0
J0813+22,122.8,37.46666666666667,183.6760270473026,31.21730219541766,0.5314,0.0,0.0,52.29,2.449,9.42964106798172e-09,0.0
J0814+7429,123.475,22.016666666666666,200.90939831599994,27.48046764630813,1.2922414468619536,1.6811430018179736e-16,3.0756250881385464e+30,5.75066,0.432,0.6026038733543828,1.6480329904720436e+31
J0815+0939,123.74791666666664,74.48491666666666,139.99794017344817,31.617743906373015,0.64516119106,1.39e-16,2.0434773669640747e+31,52.6589,2.491,3.7330914998892695,3.2932323799867793e+30
J0815+4611,123.78656666666666,9.664083333333334,213.62590616919823,22.949592061682605,0.4342422517307,3.9e-18,1.8803041725481458e+30,11.2738,0.358,-2.3791915737092495e-05,1.467107902802773e+31
J0823+0159,123.99775958333333,46.19812222222222,173.62616519742028,33.452803213257376,0.8648728046988048,1.0455015043028665e-16,6.380102779758352e+30,23.727,2.499981825074401,0.6379192158346996,1.020831287533543e+30
J0824+0028,125.79068791666664,1.9867969444444444,221.98783779984157,21.245346465913865,0.009861348670367318,1.4689038147261773e-19,6.047058245752171e+33,34.5485,1.689,9.077716052881442,2.1197510186773158e+33
J0826+2637,126.10350091666665,0.46682416666666665,223.57691437095832,20.78949145791196,0.5306605116860001,1.7093155124834842e-15,4.5157683600215694e+32,19.47633,0.49750882091032855,0.00018251931760460138,1.8244421023154633e+33
J0827+53,126.71461166666666,26.6225825,196.96370159862377,31.7426249106108,0.0135,0.0,0.0,23.103,1.571,0.9804646280827001,0.0
J0837+0610,126.94999999999997,53.0,165.46995365134222,35.64695481436594,1.2737682915784503,6.799219236666495e-15,1.298815553790738e+32,12.864,0.19,-0.0018267749110236764,3.597827018810908e+33
J0843+0719,129.27350833333333,6.170711111111111,219.72113430281428,26.272158182420288,1.36586,0.0,0.0,36.6,2.068,3.476203507510945,0.0
J0848+16,130.89091666666664,7.3132777777777775,219.40006164468033,28.222506009683755,0.4524,0.0,0.0,38.0,2.283,0.6216732620960101,0.0
J0849+8028,132.22083333333333,16.716666666666665,210.0604691478529,33.30477570011464,1.6022279738714946,4.463220007373698e-16,4.2838583501376824e+30,34.8121,3.304,2.1851155906915665e-07,3.9242351611899756e+29
J0857+3349,132.25629916666665,80.48308666666667,132.6544933899488,31.462282842730676,0.24296107706,2.4e-16,6.606339159154417e+32,23.998,1.567,0.005870339227840304,2.6904372852635125e+32
J0910+77,134.2794583333333,33.82138888888889,190.14075021657433,39.735775895371845,1.57905,0.0,0.0,0.0,0.0,4.514061589725316,0.0
J0921+6254,137.49999999999997,77.46666666666667,135.324708326959,33.70383459173753,1.5679940184795544,3.608118747063267e-15,3.6949396896425333e+31,13.15423,1.003,4.327255693264306,3.672869417313895e+31
J0922+0638,140.3088995833333,62.90386069444444,151.43113608117537,40.72506426894984,0.4306270989281231,1.3729398945350872e-14,6.787458595729649e+33,27.2986,1.1,29.393887100275606,5.609469913826155e+33
J0927+2345,140.558425,6.639805555555555,225.4198810383903,36.39243438121546,0.7618892360533487,3.0532995941534045e-16,2.7255467956811983e+31,17.24,1.091,-8.182274177670479e-05,2.2898347496777637e+31
J0928+06,141.9385833333333,23.752972222222223,205.28602971330596,44.20151930587188,2.0604,0.0,0.0,50.0,25.0,-7.502501830458641e-06,0.0
J0928+30,142.1833333333333,6.233333333333333,226.8535545996616,37.601324511084954,2.0915,0.0,0.0,21.95,2.037,6.297234976198524,0.0
J0930-2301,142.24999999999997,30.633333333333333,195.83789570183572,45.91537929593263,1.80706867799,3.362e-15,2.249227946046514e+31,78.3,25.0,-0.0009847634937614202,3.598764713674422e+28
J0935+33,142.51174999999998,-23.029166666666665,253.93178168614745,20.138100340590988,0.9615,0.0,0.0,18.35,1.728,-3.852182999253273e-07,0.0
J0943+1631,143.775,33.18333333333333,192.37593995644082,47.51095227391162,1.0874177280712083,9.108622759937294e-17,2.7965541020354925e+30,20.3402,1.487,1.1641532182693481e-09,1.2647400999360483e+30
J0943+2253,145.87541666666664,16.526944444444442,216.60921014501335,45.379895464793265,0.5329747057408513,8.983121044401323e-17,2.3424330820752256e+31,27.2508,3.555,0.2421108337584883,1.853480335792361e+30
J0944+4106,145.88498958333332,22.884905555555555,207.88664900167842,47.45826131899143,2.2294312669798004,4.420641540762058e-15,1.5749355065286085e+31,21.41,2.673,-0.0002916799858212471,2.2042703384856708e+30
J0944-1354,146.0755758333333,41.10126016666667,180.43734548178668,49.37511460326305,0.5702641245618781,4.5255970665960474e-17,9.634018330183522e+30,12.497,0.686,9.595694225281477,2.0471951164445767e+31
J0946+0951,146.1206495833333,-13.911563888888889,249.1292787630465,28.842995222434144,1.0977057048553227,3.4933895965607035e-15,1.0426750835305725e+32,15.31845,0.892,0.6660917289555073,1.310446474303943e+32
J0947+2740,146.53166666666667,9.865277777777777,225.41280587425229,43.12576145717445,0.851013803292077,4.3018934907582565e-16,2.755558131521864e+31,29.09,25.0,1.2753637899877504,4.408893010434983e+28
J0953+0755,146.83869583333333,27.67875,201.14194443248985,49.384502519593504,0.25306516494815756,2.297582800728047e-16,5.596722907112069e+32,2.96927,0.261,-4.0035229176282883e-07,8.215855473513408e+33
J0957-06,148.28879041666664,7.926597222222223,228.90810370569508,43.69654339705177,1.7237,0.0,0.0,26.95,2.461,3.1922721655573696,0.0
J1000+08,149.24999999999997,-6.283333333333333,244.76165790819437,36.20148036534932,0.440372,0.0,0.0,21.0,1.741,0.00025773560628294945,0.0
J1005+30,150.1583333333333,8.332777777777778,229.73152515994985,45.498374236304656,0.0,0.0,0.0,17.5,1.99,1.8169488462153822,0.0
J1010+15,151.37499999999997,30.25,197.93692558750934,53.6731139626258,0.0,0.0,0.0,42.0,25.0,4.153713557170704,0.0
J1012+5307,152.49999999999997,15.85,221.25842442286086,50.979622080212486,0.005255749014115409,1.712793681616762e-20,4.6575865760078997e+33,9.02314,0.7,0.4341736624483019,9.505278726546736e+33
J1012-2337,153.13932499999999,53.11729675,160.34715925119363,50.85784087416248,2.517945020504389,8.809495481970016e-16,2.1785726381851723e+30,22.51,0.983,2.0686291529564187,2.2545766723880458e+30
J1017+3011,153.14052166666664,-23.63956538888889,262.13120503632825,26.377429261709153,0.452785073,5.7e-16,2.4241433022629004e+32,27.15,25.0,10.152567635872401,3.8786292836206406e+29
J1018-1642,154.4012083333333,30.19613888888889,198.43226546546913,56.27297394142109,1.8046949457679968,1.7421937043873134e-15,1.1701587126646543e+31,48.82,25.0,1.2193792184116319,1.8722539402634469e+28
J1022+1001,154.66818541666666,-16.702820388888888,258.2612552114033,32.61022643544395,0.016452929954195394,4.3337541048312986e-20,3.841441788158811e+32,10.2521,0.7194192302372378,11.643945042742416,7.422157596239034e+32
J1023+0038,155.74164875,10.031323611111112,231.7945147754077,51.10065537926697,0.0016879874702210563,6.929501733483821e-21,5.6879279797748595e+34,14.325,1.3679791108478252,0.0,3.0394510764775737e+34
J1034-3224,155.94869666666665,0.6446793055555555,243.48955816117737,45.78225995992703,1.1505904284171227,2.304572587766442e-16,5.972935952562169e+30,50.75,1.636,3.2774265308398753,2.231625211680559e+30
J1038+0032,158.58129041666663,-32.40722111111111,272.0503827202005,22.117015491079112,0.02885155795131,6.7e-20,1.1013534861438601e+32,26.59,5.946,2.2999805229483172,3.115135349618311e+30
J1041-1942,159.6122208333333,0.5454444444444444,247.15191362035824,48.47055932744046,1.3863680745875944,9.448498269216091e-16,1.3998673296881864e+31,33.777,2.533,-5.22085465490818e-05,2.181807842266818e+30
J1046+0304,160.40081666666666,-19.703780555555554,265.59150962172185,33.58993688688069,0.326271446035,1.242e-16,1.4117055734553025e+32,25.3,5.788,1.8001459243241698,4.2139277432161385e+30
J1047-3032,161.680125,3.0685833333333337,246.41161836828027,51.697351024871274,0.3303280523312809,6.100601228174452e-17,6.6818389605871385e+31,52.54,2.144,8.351194838644005,1.453605114713383e+31
J1059+6459,161.75338499999998,-30.538337972222223,273.4945667033611,25.127017676273802,3.6311696785970633,5.735646057121775e-15,4.729360833540138e+30,18.5,1.814,2.561137080192566e-09,1.4372353316967923e+30
J1110+58,164.8645958333333,64.99219533333333,140.25103385028996,48.19751253404695,0.793348,0.0,0.0,26.0,25.0,-9.140011388808489e-05,0.0
J1115+5030,167.74999999999997,58.86666666666667,144.73993749319567,53.801292320027144,1.6564397599369094,2.4927850365036195e-15,2.1652977592400763e+31,9.18634,0.923,2.286931295413524,2.5416410983075775e+31
J1116-2444,168.91,50.503413888888886,154.40772260073163,60.36476091248142,0.86794888009,9.85e-16,5.947213448648361e+31,29.8,0.855,0.0,8.135444681985379e+31
J1120-3618,169.09691666666666,-24.748916666666666,276.97100430336263,33.28671858763849,0.00555,0.0,0.0,45.1,0.953,7.412523897364736,0.0
J1122-3546,170.09333333333333,-36.30894444444444,283.1248115871518,23.03566778604214,0.0078,0.0,0.0,39.49,0.656,6.818993030348793,0.0
J1125+7819,170.5,-35.766666666666666,283.2376036433283,23.661348770768516,0.004201609118107695,6.955486557458094e-21,3.702033220815696e+33,11.73,0.878,1.3969838619232178e-09,4.802322036539474e+33
J1126-27,171.49933291666665,78.33019347222222,128.28877570493015,37.894670293777786,0.358161,0.0,0.0,26.86,0.436,8.395873010158539e-06,0.0
J1126-38,171.49999999999997,-27.616666666666667,280.6819312927746,31.537209700351866,0.88755,0.0,0.0,46.0,1.013,-0.0012815326917916536,0.0
J1132+25,171.575,-38.63333333333333,285.21398590979743,21.291511457900942,1.002,0.0,0.0,23.0,25.0,4.912922922405414,0.0
J1136+1551,173.20833333333331,25.25,214.58080411318664,72.28470587241159,1.1879130659363586,3.733837242418856e-15,8.793487332777696e+31,4.84066,0.37174450930474356,0.0,6.36314788832652e+32
J1141-3107,174.01299916666662,15.853939722222222,241.89535528815915,69.19633247005513,0.538431789013,1.9602e-15,4.957560734688726e+32,30.77,0.783,4.82431391812861,8.086200755010652e+32
J1141-3322,175.3567875,-31.13127777777778,285.7459556277491,29.393343198704166,0.29146780076860695,4.653241852440875e-16,7.418969917633447e+32,46.448,1.853,0.42258887039497495,2.160691539902606e+32
J1153-21,175.42814999999996,-33.37703055555556,286.58579835621833,27.27185877089858,2.34348,0.0,0.0,34.8,2.332,0.6300726786721498,0.0
J1226+0005,178.24999999999997,-21.3,285.18758208108903,39.54970992185946,2.28507617026,2.474e-15,8.185729478693764e+30,18.5,1.868,8.910033422056586,2.3458683950972317e+30
J1226-3223,186.55999999999997,0.09555555555555555,289.2796564671035,62.29752203378621,6.1930040852,7.05e-15,1.1717764197581003e+30,36.7,2.175,1.0189994319807738,2.4770012836741457e+29
J1234-3630,186.6942833333333,-32.38361111111111,296.90848266063574,30.19954663942156,0.569242225079,8.66e-16,1.853473179581333e+32,58.8,5.728,3.053787764394656,5.649113329593007e+30
J1236-0159,188.54999999999998,-36.51141666666667,299.0713063607208,26.231080760821037,3.5975735967,5.103e-15,4.3266946186620865e+30,19.08,2.039,9.767515090876259,1.0406909835601759e+30
J1238+2152,189.01041666666666,-1.9861111111111112,295.06485770414406,60.65024660415584,1.1185906894463322,1.4455634992851588e-15,4.077399918364186e+31,17.9706,2.555,2.305256202816963e-06,6.245993111797498e+30
J1239+2453,189.59656499999997,21.869738138888888,272.78863916872695,83.96200734564115,1.3824491030387713,9.600485817227603e-16,1.4345163215776367e+31,9.25159,0.84,8.496606420609169,2.033044673437694e+31
J1240-4124,189.91858916666664,24.897025,252.45028745132046,86.54140904953842,0.51224209318,1.739e-15,5.1077958188918266e+32,44.1,1.682,-1.1641532182693481e-10,1.8054337027616416e+32
J1242+39,190.07337499999997,-41.41436111111111,300.6879549706058,21.40882491910178,1.31,0.0,0.0,26.0,25.0,7.534166797995567e-06,0.0
J1243+17,190.64166666666662,39.63333333333333,130.75964931597792,77.35977897905504,1.2165,0.0,0.0,5.0,0.405,0.0,0.0
J1246+2253,190.74999999999997,17.866666666666667,290.62957761804716,80.53624112804557,0.47387055751829316,8.889167142920882e-17,3.297931501527742e+31,17.792,2.465,0.39224909257609397,5.427599375480241e+30
J1257-1027,191.70567916666667,22.895352777777777,288.8091037190165,85.63996763892342,0.6173076699954868,3.627004830929586e-16,6.086993689753913e+31,29.634,25.0,5.5351972442585975,9.73918990360626e+28
J1300+1240,194.26984374999995,-10.451541944444443,305.20522400701225,52.395302713443826,0.00621853194840048,1.143341e-19,1.8770329848601555e+34,10.1655,0.7092147021487661,11.864731696085073,3.73178353691375e+34
J1302-32,195.01490291666664,12.68235336111111,311.30972536345456,75.41367496654306,0.00377,0.0,0.0,26.2,1.493,0.0,0.0
J1303+38,195.49999999999997,-32.0,305.5393762282956,30.818268315685543,0.3963,0.0,0.0,19.0,3.19,-4.656612873077393e-10,0.0
J1308+2127,195.825,38.21666666666667,111.02709224539332,78.636002165828,10.31252206,1.12e-13,4.031652460266841e+30,0.0,0.0,-0.01706384471617639,0.0
J1311-1228,197.20112499999996,21.45188333333333,338.7326421513291,83.08194518977655,0.4475177112318076,1.5085916644482086e-16,6.645088308437496e+31,36.214,25.0,3.2407225905917585,1.0632141293499994e+29
J1313+0931,197.96937083333333,-12.467121944444445,310.7231458280211,50.09516571204136,0.84893275073,8e-16,5.162140948101889e+31,12.040623,1.08,0.5141545636579394,4.425703830677202e+31
J1320+67,198.3458333333333,9.532222222222224,320.3663047987393,71.65723804349693,1.02862,0.0,0.0,28.0,25.0,1.299081727862358,0.0
J1320-3512,199.99999999999997,67.5,118.74052519071981,49.395159663034164,0.45848840672,1.9e-18,7.78266365359869e+29,16.42,0.873,0.060916736256331205,1.0211740602442225e+30
J1321+8323,200.05283333333333,-35.20722222222223,309.5431188326038,27.294887621627247,0.670037418385785,5.663012196641618e-16,7.432074659640662e+31,13.31624,1.0869486195975655,1.1223686770536005,6.290599456529061e+31
J1326+33,200.44013124999998,83.39428666666667,121.88706474390797,33.67233998179237,0.0415,0.0,0.0,4.19,0.344,-9.19681042432785e-09,0.0
J1327-0755,201.67499999999998,33.766666666666666,76.23776312916083,79.91711174407268,0.0026779231971205,1.773e-21,3.6448035086559615e+33,27.91215,25.0,3.791764460853301,5.831685613849539e+30
J1329+13,201.98994999999996,-7.924944444444445,318.38297422487983,53.84756139653415,0.0,0.0,0.0,12.0,1.087,1.7218891581287608,0.0
J1332-03,202.24999999999997,13.733333333333333,338.00734972384976,73.98942588019459,1.1064,0.0,0.0,27.1,25.0,-2.550077624619007e-06,0.0
J1332-3032,202.99999999999997,-3.4333333333333336,322.2497660335925,57.909011480042075,0.6504344906472496,5.602650147575634e-16,8.037899155905045e+31,15.1,0.882,4.327475968631916,1.0332499262016655e+32
J1334+10,203.21868249999997,-30.538141500000002,313.39630862451054,31.490236531440644,0.9111,0.0,0.0,24.0,25.0,1.1641532182693481e-10,0.0
J1335-3642,203.62499999999997,10.083333333333334,335.7451748571403,70.16155190980783,0.399192,0.0,0.0,41.7,2.479,0.03437678178306669,0.0
J1336+33,203.89999999999998,-36.7,312.7125829308937,25.331610546810666,3.013,0.0,0.0,8.5,0.719,-0.00044722261372953653,0.0
J1336-2522,203.99999999999997,33.766666666666666,70.31872024435859,78.33708520746426,0.4781454828,3.306e-16,1.1939397578824744e+32,37.5,5.467,2.8799662608653307,3.9947008919923736e+30
J1343+6634,204.0868333333333,-25.36711111111111,315.5574743475223,36.40118559272145,1.39410378554,1.0882e-15,1.5855616714044277e+31,30.031,25.0,3.2814754715655,2.536898674247084e+28
J1358-2533,205.99691666666664,66.57362499999999,114.89642290149133,49.72673552898966,0.912971,0.0,0.0,31.27,2.545,16.296699171420187,0.0
J1400+21,209.67499999999998,-25.55,321.48506064094175,34.88679574713068,0.0,0.0,0.0,10.5,0.908,0.0,0.0
J1403-0314,210.075,21.45,16.751590903932428,73.3318065123672,0.362634,0.0,0.0,31.0,25.0,1.9863618655363098,0.0
J1404+1159,210.9208333333333,-3.2577777777777777,335.5649457878018,54.97021722842152,2.65043929892,1.3768e-15,2.9192884364130525e+30,18.499,2.189,0.581624357146211,6.092358959156955e+29
J1411+2551,211.15411249999997,11.987777777777778,355.07804787198637,67.11464478563865,0.06245289551759,9.56e-20,1.549386949516117e+31,12.3737,1.131,0.0,1.211252492466638e+31
J1412+7922,212.8286083333333,25.852330555555557,33.38015076776848,72.1007107102141,0.05819907107,3.29134e-15,6.591501057452786e+35,0.0,0.0,8.047124164761044,0.0
J1418-3921,213.23277916666663,79.36774861111111,118.31756380673357,37.019740639605665,1.0968060034,8.892e-16,2.660539640273952e+31,60.49,4.081,0.0,1.5974841007661213e+30
J1426+52,214.7095125,-39.35514166666667,320.8200383926784,20.46149491241548,0.9958,0.0,0.0,25.37,25.0,0.09482529945671558,0.0
J1433+00,216.74999999999997,52.166666666666664,93.88033167020356,59.23281212587776,0.0,0.0,0.0,23.5,2.993,4.143463318469003,0.0
J1434+7257,218.37499999999997,0.4666666666666667,349.7492012387916,53.7915839839791,0.04174114783993,5.5e-19,2.9855837860843102e+32,12.605,0.974,-8.569180499762297e-05,3.1471058465527854e+32
J1439+76,218.49890416666665,72.95736444444445,113.08220534108173,42.15334008876415,0.947903,0.0,0.0,22.29,2.048,2.308600220014341,0.0
J1453+1902,219.74999999999997,76.91666666666667,115.40463317209826,38.59623260549483,0.005792302738575582,1.1665603082023352e-20,2.369808074708933e+33,14.0559,1.269,1.5977624831721187,1.4716005136170917e+33
J1455-3330,223.44049208333328,19.03669727777778,23.39473412758175,60.81227020727307,0.007987204806104166,2.4304276601845765e-20,1.883033185786461e+33,13.5698,1.0100936666967275,24.126925858668983,1.8455876600264932e+33
J1501-0046,223.94987374999997,-33.51288844444444,330.72176284907124,22.562253264012767,0.4640368139284,2.391e-16,9.446740902011274e+31,22.2584,2.131,1.4893607618287206,2.080247959059649e+31
J1502+28,225.43731583333332,-0.7732,356.5819467452896,48.05068374422002,3.784,0.0,0.0,14.0,1.289,3.582553518237546,0.0
J1503+2111,225.53749999999997,28.216666666666665,42.7804607654663,61.12680004269583,3.31400150122,1.4e-16,1.5185520063925238e+29,3.2603,0.244,13.89294939476531,2.550644998643718e+30
J1509+5531,225.9775,21.185916666666667,29.062364416836704,59.2960575501941,0.739681922904263,4.99821260947477e-15,4.875727746079708e+32,19.6191,2.1,1.732034744345583,1.1056071986575301e+32
J1517-32,227.3567908333333,55.525665,91.32543685993643,52.286942815835765,0.0644019,0.0,0.0,25.3,0.966,4.607694743666798,0.0
J1518+4904,229.25416666666663,-32.43472222222222,335.3973863811159,21.104974356649144,0.04093498890833287,2.718997794242557e-20,1.564892686322884e+31,11.61139,0.964,-0.0011661986354738474,1.683955043735133e+31
J1518-0627,229.56999618333333,49.07618088611112,80.80835947842013,54.28168124374937,0.7949966745699,4.179e-16,3.283493582241277e+31,27.9631,2.679,0.0,4.574996272476745e+30
J1528-3146,229.7462933333333,-6.452138888888889,355.1460135888066,41.00187210070167,0.06082223035146,2.49e-19,4.368899542658232e+31,18.163,0.774,8.609823887236416,7.292730042028442e+31
J1529+40,232.14564249999998,-31.768565555555554,337.9386594643824,20.216743344505062,0.4764,0.0,0.0,6.61,0.499,0.8174767756136134,0.0
J1532+2745,232.29999999999995,40.81666666666667,66.18280840192091,54.906983285909696,1.1248357427665205,7.795618393026144e-16,2.162434612786089e+31,14.691,1.694902932253831,9.313225746154785e-10,7.52754433675714e+30
J1536+17,233.0431858333333,27.763784166666667,43.480699686900415,54.495073763572854,0.9333,0.0,0.0,28.0,25.0,7.482534314505756,0.0
J1537+1155,234.06249999999997,17.816666666666666,27.982655529876023,50.987949716901404,0.037904441178304625,2.422494234938811e-18,1.7561119335418078e+33,11.61944,1.051,2.8512125700945035,1.5898156289391445e+33
J1538+2345,234.29150720833331,11.93206496388889,19.847525624712535,48.341431473332804,3.4493849533157874,6.889090546017426e-15,6.626689714915772e+30,14.909,1.312,5.122274160385132e-09,3.849718426366706e+30
J1543+0929,234.52529166666662,23.75111111111111,37.31791392772103,52.39118192321323,0.7484484162291084,4.3248313326711226e-16,4.072333062712246e+31,34.9758,5.9,12.265556856407784,1.1698744793772611e+30
J1543-0620,235.91177083333332,9.487871944444443,17.811202506671115,45.7752447279187,0.7090640697858092,8.7953902780698795e-16,9.739987841941131e+31,18.3774,3.225783000096001,6.063212640583515e-05,9.360264413298155e+30
J1547-0944,235.8755720833333,-6.345925555555556,0.5656981030949653,36.60807402326561,1.576924632943,2.938e-15,2.957867505296161e+31,37.416,3.756,4.7538215417880565,2.096657775883869e+30
J1549+2113,236.9419083333333,-9.7355,358.3140077069432,33.573069880464,1.262471311613,8.541e-16,1.6757294591772774e+31,24.0553,3.033,0.31563834322150797,1.8216254448427203e+30
J1551-0658,237.42058749999998,21.224138888888888,34.62543048238044,49.12870007379277,0.00709,0.0,0.0,21.6,1.325,2.512400791514665,0.0
J1554+18,237.78006249999999,-6.968472222222222,1.494437402429354,34.76498981212917,0.0,0.0,0.0,24.0,2.753,1.9252909215865657,0.0
J1555+01,238.5708333333333,18.066666666666666,30.685414557585975,47.07335399890879,0.0,0.0,0.0,18.5,1.253,-0.00041605811566114426,0.0
J1555-0515,238.99166666666665,1.1333333333333333,10.447840723566836,38.73044658743482,0.97540989108,2.054e-15,8.73773180398896e+31,23.46,1.548,3.2192491453606635,3.6463369438889885e+31
J1555-2341,238.9170708333333,-5.265944444444444,3.972854096833738,34.96931183745283,0.5325777412091406,6.937016984211578e-16,1.8129401218330888e+32,51.901,3.747,0.4181573218666017,1.2912670653082123e+31
J1603+18,238.88826583333332,-23.686077722222223,348.4411802348475,22.499948702273514,0.503,0.0,0.0,29.7,25.0,-5.820766091346741e-10,0.0
J1605+3249,240.89166666666665,18.85,32.84879858522768,45.27985107618163,6.88,0.0,0.0,0.0,0.0,2.3283064365386963e-07,0.0
J1607-0032,241.3271666666666,32.82166666666667,52.88030801297473,47.992079415115036,0.42181623358257625,3.0609257016367315e-16,1.6100622077841779e+32,10.6823,1.0869486195975655,8.772028988343664,1.3627764672852232e+32
J1609-1930,241.80024916666665,-0.5448686111111111,10.715163453806,35.46574185029998,1.55791724762,5.09e-16,5.314279143325949e+30,37.0,1.791,8.309163259342313,1.656735549241321e+30
J1610-1322,242.2722916666666,-19.502222222222223,354.0733910097992,23.177638063299092,1.0183927463615343,2.298370021803987e-16,8.590803652676234e+30,49.13,3.247,-1.3969838619232178e-09,8.148341382119881e+29
J1610-17,242.67822541666663,-13.372866416666668,359.42677951437116,26.948799085440676,0.0,0.0,0.0,52.5,3.768,26.34296277258545,0.0
J1611-01,242.54583333333332,-17.833333333333332,355.6108475152803,24.109757150776197,1.29687,0.0,0.0,27.21,2.015,4.713948285439983,0.0
J1612+2008,242.74999999999997,-1.4666666666666668,10.447401345748721,34.160706378147765,0.4266459810253,3.727e-17,1.8945939780724564e+31,19.5082,1.74,0.5074927908135578,6.257742033533017e+30
J1614+0737,243.09763333333328,20.138424999999998,35.51802628661601,43.74293336160841,1.2068014363967932,2.3595679643806465e-15,5.300108650802013e+31,21.3949,1.626,-2.916553057730198e-05,2.0046736877228785e+31
J1623-0841,243.67043916666663,7.625280666666667,20.632879757182796,38.162929795076195,0.5030150056,1.9556e-15,6.065923694133092e+32,59.79,4.643,2.066599232610315,2.813841143325025e+31
J1623-0908,245.92784458333327,-8.6935,5.7741551440608045,27.367396591849396,1.276445819515507,2.580711066826483e-15,4.898825445463584e+31,68.183,1.6666545500496004,5.624023120384663,1.763602802953464e+31
J1624+5850,245.8235829166666,-9.146870277777778,5.296623935218355,27.177663655834095,0.65180081878,3.31e-16,4.718924461991099e+31,26.403,3.187,-1.979060471057892e-09,4.6459967161375596e+30
J1624+8643,246.00401666666664,58.83771388888889,89.1978579013252,41.79111177850235,0.39576302203831243,2.545211006209589e-16,1.6209808656876098e+32,46.43,8.854,4.096202329616062,2.0677539213771876e+30
J1627+1419,246.13627416666662,86.72033311111112,119.9249150595729,29.057177622863737,0.490856730096,3.93e-16,1.3118616525558871e+32,32.16696,4.325,3.9482583871576935,7.013193371276753e+30
J1628+4406,246.82816249999996,14.322416666666667,30.029846569525997,38.31937397154219,0.18117848994714758,1.937763488599216e-17,1.2862950500913579e+32,7.32981,0.54,0.9021798472385854,4.411162723221391e+32
J1631-1612,247.20962458333327,44.111834583333334,69.23852981355705,43.6157611601614,0.67768391249,1.096e-15,1.3902367437793252e+32,33.77,0.839,-8.016964420676231e-05,1.974989727226955e+32
J1632-1013,247.96862499999997,-16.214444444444442,0.5769569846844508,21.19301334473715,0.71763732795,6.6e-17,7.049991783282028e+30,89.9,10.272,-0.00013774726539850235,6.681571025961855e+28
J1635+2332,248.22583333333333,-10.221666666666668,5.910338478762934,24.63643722267588,1.2086942458,8.63e-16,1.9293950887409571e+31,37.568,25.0,-0.0009921274613589048,3.0870321419855315e+28
J1635+2418,248.7723333333333,23.53977777777778,41.998279719129755,39.7472194554271,0.4905065128003319,1.1931668526224496e-16,3.9914122131794225e+31,24.2671,2.433,2.254553734557703,6.742832384990364e+30
J1635-1511,248.8574179166666,24.31314216666667,42.9933223708221,39.888753194784925,1.17938703902,2.32e-16,5.583141944055894e+30,54.0,1.445,-1.417938619852066e-06,2.673886540657269e+30
J1638+4005,248.9473333333333,-15.197777777777778,2.057909743633056,21.078109433195063,0.76772039193,1.83e-16,1.5966201186489799e+31,33.417,25.0,0.10349729435984045,2.554592189838368e+28
J1643+1338,249.56767916666664,40.09899166666667,63.77407403409204,41.8656856174596,1.09904716266,7.78e-16,2.313611026786208e+31,35.821,4.641,1.1330175454495475,1.0741556289698653e+30
J1643-1224,250.97558333333328,13.645527777777778,31.259586864479935,34.36033601221268,0.00462164152493627,1.846171747088023e-20,7.383173381982451e+33,62.4143,0.74,6.4142780946567655,1.3482785577031504e+34
J1645+1012,250.90900458333329,-12.416300861111111,5.669488572056989,21.217620268717493,0.410860719379,8.13e-17,4.627712983542487e+31,36.17129,3.914,4.271895973593928,3.0208194784849783e+30
J1645-0317,251.39339583333327,10.204455555555555,27.71922457032127,32.547746373643704,0.38768969803442455,1.7804312906883235e-15,1.206235685809934e+33,35.7555,3.846125884729847,1.0953203360550106,8.154271798270782e+31
J1647+6608,251.2585025,-3.2993941666666666,14.11419219023369,26.06162765633195,1.5997983753630112,7.839303880476679e-15,7.558602070383288e+31,22.55,2.061,0.2629843195900321,1.7794488080510204e+31
J1649+2533,251.88549333333333,66.13951083333335,97.18027552792779,37.034156359250666,1.0152573918,5.594e-16,2.1103462565020456e+31,34.4622,25.0,-0.011948213214054704,3.376554010403273e+28
J1651+14,252.43429166666667,25.551944444444445,45.64783552449212,37.10657522806722,0.828,0.0,0.0,48.0,25.0,7.826120767160319,0.0
J1652+2651,252.75,14.366666666666667,32.87974975888028,33.06878638164859,0.9158034972,6.537e-16,3.3599385044054608e+31,40.80244,25.0,0.2995424843393266,5.375901607048737e+28
J1656+00,253.01279166666663,26.861222222222224,47.40161748005924,36.95353042762773,1.49785,0.0,0.0,46.9,3.94,0.0,0.0
J1656+6203,254.1708333333333,0.43333333333333335,19.3358331602146,25.51039569006943,0.77615531125,8.44e-16,7.1261717004689025e+31,35.262,25.0,0.011178625747561455,1.1401874720750243e+29
J1657+3304,254.04287499999995,62.06400277777777,91.93833882930711,37.14396611630707,1.5702755247,1.734e-15,1.7679958659964053e+31,23.9746,2.366,13.531732613337226,3.1582882502049053e+30
J1658+3630,254.46117499999997,33.076013888888895,55.343577577478854,37.12365724336304,0.033027982326828936,1.1573893211927852e-19,1.2682155592713379e+32,3.04387,0.224,2.5940087735652924,2.5275341981651342e+33
J1705-04,254.61049916666659,36.508359722222224,59.62634075314434,37.57931054213677,0.23748,0.0,0.0,42.951,0.21,28.49973392020911,0.0
J1706+59,256.24999999999994,-4.683333333333334,15.709471376993742,21.10452459900031,1.476687,0.0,0.0,31.0,4.012,0.2482684205751866,0.0
J1707+35,256.75,59.166666666666664,88.09730181181727,36.31931792109302,0.1598,0.0,0.0,19.24,1.68,8.232292820699513,0.0
J1708+02,256.75,35.93333333333333,59.26081823050524,35.78383110432131,0.410772,0.0,0.0,29.0,1.454,-5.7104043662548065e-06,0.0
J1708-7539,257.16249999999997,1.8016666666666667,22.265059741589162,23.58157874895801,1.1910239966,1.88e-15,4.392947883189359e+31,37.0,1.322,-0.00045074813533574343,2.5135824801218975e+31
J1709+2313,257.01041666666663,-75.6563888888889,316.67643637913375,-20.22079743607949,0.0046311962778409,3.63e-21,1.4427357691892285e+33,25.3474,2.179,2.1962036200566217,3.0385916406139476e+32
J1710+4923,257.2741333333333,23.224402777777776,44.52198360337892,32.209119573781756,0.0032202283985644457,1.8210530355839054e-20,2.152892297512748e+34,7.08493,0.506,0.27096474322024733,8.408553084381681e+34
J1713+7810,257.51849541666667,49.386520555555556,75.92935478225353,36.44891246802885,0.43252593524,1.14e-16,5.561963396770785e+31,36.977,4.58,2.5029294192790985e-08,2.651533817418997e+30
J1715+46,258.3627916666666,78.17610833333333,110.30540339608078,31.461370123377538,0.5481,0.0,0.0,19.82,1.754,0.5392933598486707,0.0
J1717+03,258.94999999999993,46.05,71.86067733126501,35.35384534014796,3.901,0.0,0.0,25.6,1.238,-2.9177404940128326e-05,0.0
J1720+00,259.4833333333333,3.183333333333333,24.78414676149726,22.20324182702869,3.357,0.0,0.0,46.2,2.555,-4.656612873077393e-10,0.0
J1720+2150,260.22916666666663,0.6666666666666666,22.79061873806137,20.348851730420442,1.61566378034,7.4e-16,6.926893157382875e+30,40.719,5.583,0.6890304621774703,2.2223027991478813e+29
J1722+35,260.00541666666663,21.836888888888886,43.95687099989521,29.37123595474334,0.8216,0.0,0.0,23.83,2.196,-2.3283064365386963e-10,0.0
J1735+6320,260.525,35.3,59.217625207597926,32.650770509227,0.510718135408,3.226e-16,9.560492397594193e+31,41.853,25.0,1.3041129661723971,1.529678783615071e+29
J1740+1311,263.77734166666664,63.33335,92.7208996915694,32.55191863830731,0.803050264794404,1.4513198181551138e-15,1.10635543458079e+32,48.66823,4.176,2.775453696027398,6.344153662352594e+30
J1740+27,265.03060625,13.199080555555556,37.08464181051198,21.67928280515081,1.0582,0.0,0.0,35.46,3.507,8.339423449593596,0.0
J1741+2758,265.125,27.216666666666665,51.43888862059022,26.719841023220187,1.3607376877,1.841e-15,2.8846311237052574e+31,29.14487,2.523,4.614278712309897,4.5316439901621013e+30
J1741+3855,265.47295833333334,27.969166666666666,52.346862055892345,26.662587293664636,0.82886088996,2.06e-16,1.4281769307263955e+31,47.224,25.0,2.4038932756520808,2.2850830891622327e+28
J1745+1252,265.30142083333334,38.91941666666666,64.29273938826343,29.69285320221351,1.0598487584,5.63e-16,1.8669661569259756e+31,66.141,11.167,2.561137080192566e-08,1.4971434449769847e+29
J1745+42,266.43412499999994,12.877305555555557,37.37475229618008,20.30095902610515,0.3051,0.0,0.0,38.0,5.642,10.28729382622987,0.0
J1746+2245,266.44999999999993,42.88333333333333,68.962471909767,29.63859927442471,3.46503778264,4.919e-15,4.6678042572093366e+30,49.8543,6.831,19.76801870984491,1.00033177716271e+29
J1746+2540,266.5035,22.758027777777777,47.25218184172488,24.048224167899207,1.0581481703,1.047e-15,3.488726808004254e+31,51.2044,25.0,4.661782389041036,5.581962892806806e+28
J1749+16,266.5286249999999,25.677083333333336,50.27381884730444,25.031410557043287,2.31165,0.0,0.0,59.6,7.382,0.719369173515588,0.0
J1749+5952,267.3708333333333,16.4,41.20760355753249,20.900264848044543,0.436040950719,1.519e-16,7.233286661808176e+31,45.0694,25.0,2.5029294192790985e-07,1.1573258658893082e+29
J1752+2359,267.3884499999999,59.87670277777778,88.62079616676554,30.90037215303779,0.409050865044,6.427e-16,3.707115270366534e+32,36.19635,3.03,2.0954757928848267e-09,4.0378560602626476e+31
J1754+5201,268.14758333333333,23.996722222222225,49.098279468780866,23.074426788437798,2.3913967948556385,1.5641431432132362e-15,4.5152448235256695e+30,35.0096,6.249954562686002,-0.00028662686236202717,1.155919481761942e+29
J1756+1822,268.5954449999999,52.020067777777776,79.60818312025309,29.627761085484014,0.7440009397588363,5.131291682816033e-16,4.918877270652626e+31,70.8,25.0,-2.3283064365386963e-10,7.870203633044201e+28
J1758+3030,269.0732625,18.38202777777778,43.83572015713529,20.1853071777203,0.94725581104,7.2e-16,3.344185801178131e+31,35.0674,3.279,0.0,3.1103378492837935e+30
J1800+5034,269.60783333333325,30.506666666666668,56.2645704592004,24.031844423948918,0.5783751011451423,1.1708121516862878e-16,2.389011237545932e+31,22.71,1.937,3.551022289786488,6.367353348457655e+30
J1813+4013,270.18487416666665,50.57271227777778,78.12963987043928,28.439816097154868,0.9310890849358342,2.548713023601703e-15,1.2465421507948738e+32,41.55656,4.917,12.852570687653497,5.155924531046463e+30
J1815+5546,273.3053295833333,40.227509500000004,67.40820830636626,24.033299997604406,0.4268438270611147,9.474173940409295e-17,4.809435173423882e+31,58.999,25.0,3.2750349410343915,7.695096277478212e+28
J1821+4147,273.7739091666666,55.77314175,84.31593447363512,27.133376720904636,1.2618572091336433,1.7292200072394062e-15,3.397655551515847e+31,40.673,4.444,3.033622895134613,1.7204071871882633e+30
J1833-6023,275.46809916666666,41.784042916666664,69.53714626852181,22.905160823850988,1.8894355004,2.7e-16,1.5802554174219007e+30,35.0,1.336,3.266613930463791e-07,8.85348735961031e+29
J1840+5640,278.31166666666667,-60.38444444444444,334.82680768339685,-21.194882727428336,1.6528618528869268,1.4948177550077175e-15,1.3068878331899862e+31,26.77163,1.4492648261300876,1.8337637791410089,6.222183443665588e+30
J1841-7845,280.18557166666665,56.68190333333333,86.0783599805992,23.81855263315132,0.3536025329,1.6e-16,1.4286755671387535e+32,41.0,2.459,-3.495602868497372e-05,2.3627434077285597e+31
J1846-7403,280.35791666666665,-78.75416666666666,315.4602909240691,-26.08175443856612,4.8788385261,6.06e-15,2.060074977799853e+30,97.0,25.0,5.676839217194356,3.296119964479765e+27
J1859+7654,281.55741666666665,-74.05111111111111,320.67442602305033,-25.650135933398083,1.393729135204375,5.0504503460255917e-17,7.364693983833359e+29,47.25,5.985,0.7334663819056004,2.0560155565280114e+28
J1900-7951,284.9000795833333,76.91545450000001,108.3638637104493,25.91076459008425,1.2791931935,1.86e-15,3.508037774980695e+31,39.0,2.375,0.19082244578748941,6.219235944564114e+30
J1907+57,285.10166666666663,-79.86338888888888,314.3219679444704,-27.06457498026085,0.424,0.0,0.0,54.63,6.706,1.1666343552060425,0.0
J1932-3655,286.75,57.0,87.4838083758557,20.458673101922027,0.5714205288348301,2.8626132959245784e-16,6.0569627738635955e+31,59.88,6.724,3.4784106716979295,1.3396751295190028e+30
J1933-6211,293.0255333333333,-36.917161111111106,2.071998022963247,-23.545724365069123,0.0035434314937909796,3.870734933256783e-21,3.4346385983183387e+33,11.52,0.65,10.420586074469611,8.12932212619725e+33
J1938+6604,293.3851111666666,-62.19635444444444,334.43093459723195,-28.631524969569984,0.022258801226037964,1.947135131839658e-20,6.970284680184514e+31,41.2427,3.38,-1.253979280591011e-05,6.101226042667024e+30
J1940-24,294.73715916666663,66.07547608333333,97.94566157391533,20.030503564841542,0.0982,0.0,0.0,53.4,3.905,-0.00013386039063334465,0.0
J1940-2403,295.0,-24.0,15.853850885900908,-20.882752310623214,1.855276,0.0,0.0,63.3,6.306,0.22069840203039348,0.0
J1941-2602,295.125,-24.05,15.848475591501058,-21.007290700745667,0.40285790887542816,9.561486027005336e-16,5.773370770282448e+32,50.036,3.564,3.9784020842052996,4.545211097666438e+31
J1942+8106,295.2516958333333,-26.034930555555558,13.901123870205831,-21.82376984632186,0.20355845286745913,3.687807892307629e-17,1.7260787342864954e+32,40.24,3.478,8.745118975639343e-07,1.4269259846799244e+31
J1946-2913,295.7278025,81.10481497222221,113.37125739834572,24.825174400392857,0.959447931541423,1.4883397368863481e-15,6.652694507639676e+31,44.309,3.125,0.8155538545688614,6.812359175823028e+30
J1947-18,296.71555833333326,-29.22975,11.10797021470357,-24.12077521991733,0.00260323,0.0,0.0,25.0,1.101,0.0004879061598330736,0.0
J1947-4215,296.87916666666666,-18.97,21.541422123764338,-20.61720224182712,1.798069,0.0,0.0,35.0,2.202,0.0,0.0
J1947-43,296.775,-42.25,357.18273241135716,-27.711537458319395,0.18094,0.0,0.0,29.9,1.625,-5.145557224750519e-08,0.0
J1949-2524,296.75,-43.0,356.350446334694,-27.855234506457773,0.9576166302906218,3.270565014556545e-15,1.4703051714923286e+32,23.07,1.046,0.08048541203606874,1.3438293302468189e+32
J1956-28,297.35589208333334,-25.400270749999997,15.25982450716171,-23.38047849687955,0.2600144,0.0,0.0,45.69,3.729,3.6358944043749943,0.0
J2006-0807,298.99999999999994,-27.883333333333333,13.221681117679658,-25.590649598914876,0.580871337030867,4.601280764379578e-17,9.268269004673128e+30,32.39,2.6315598158677904,11.707816649461165,1.33835750384251e+30
J2010-1323,301.5681875,-8.117268611111111,34.10060621611797,-20.303597310141075,0.005223271016746625,4.8249753213492726e-21,1.3366790824716844e+33,22.177,1.9607700588818828,3.172503646579571,3.4767528451045256e+32
J2012-2029,302.6913379166666,-13.398911944444444,29.44561200756259,-23.539705321348425,0.54400187061,5.475e-16,1.3425877522530886e+32,37.67,2.809,6.638422540505417,1.7015284014410382e+31
J2013-0649,303.1941666666666,-20.491944444444446,22.410312578350815,-26.700854839984405,0.580187269001,6.007e-16,1.2142630621986893e+32,63.36,9.576,0.14653542055748403,1.3241723318917258e+30
J2027+7502,303.3239612499999,-6.818163888888889,36.17051812940501,-21.290505597457994,0.515218649151172,8.892583590510809e-16,2.5669237554285943e+32,11.71,0.761,9.342829526402056,4.432448064270842e+32
J2033+0042,306.84698083333325,75.04147694444444,108.3677149667374,20.312525607858213,5.013400111407841,9.69274543630302e-15,3.0367528277469025e+30,37.84,2.934,6.381999580655247,3.527680346568965e+29
J2033-1938,308.37966666666665,0.7066944444444444,45.8768012842727,-22.19621175586783,1.28171902379,4.55e-16,8.530856612679451e+30,23.47,1.525,6.166151623241603,3.6681995647103264e+30
J2038-3816,308.4808333333333,-19.649722222222223,25.313507012065283,-31.049078720072245,1.5772890848874963,4.161660186100198e-15,4.186898749336082e+31,33.96,3.588,1.6298145055770874e-09,3.252277464377171e+30
J2045+0912,309.7265,-38.271,3.8536395307147813,-36.74072208330978,0.3955551117394,1.952e-16,1.2451410357996812e+32,31.776,2.46,-0.00016836670693010092,2.0575402138272213e+31
J2046-0421,311.44726583333335,9.2081,55.362351140446485,-20.32890701602845,1.5469381168652414,1.471483234876527e-15,1.5692647992303192e+31,35.799,6.249954562686002,9.440550002036616,4.0173762982295485e+29
J2048-1616,311.5007208333333,-4.357293333333333,42.67840293634771,-27.387310829756657,1.9615723036126127,1.0958164098371598e-14,5.731714816858668e+31,11.456,0.95,20.561147277825512,6.350930544995755e+31
J2052+1219,312.14850265416663,-16.27904263888889,30.514309178471375,-33.07656740617468,0.00199,0.0,0.0,42.0,3.923,12.146611463278532,0.0
J2053-7200,313.1958333333333,12.3,59.11424837016554,-20.002087110255605,0.3413364057236207,1.9760886964796737e-16,1.961635613408961e+32,17.3,1.029,17.805787716060877,1.852625288791198e+32
J2105+07,313.44699999999995,-72.0118,321.8693736729236,-34.99832061172308,3.74663,0.0,0.0,52.6,25.0,4.598870055982843,0.0
J2108-3429,316.36249999999995,7.95,57.2023192683054,-25.053761080506632,1.4231018383,3.503e-15,4.798350133535695e+31,30.22,3.884,0.6233365111984313,3.180778979127774e+30
J2116+1414,317.1270416666666,-34.49386111111111,9.69777890141006,-42.16317679206477,0.4401530669474793,2.8926337658351626e-16,1.339189363138609e+32,56.2044,25.0,2.234674005769193,2.1427029810217742e+29
J2124+1407,319.05729999999994,14.239177777777776,64.46403025250677,-23.409391080804955,0.6940534790858597,7.680098910177329e-16,9.068756546863274e+31,30.2473,2.807,2.8652909898664802,1.150967122229958e+31
J2127-6648,321.19405541666663,14.122042638888889,65.7951519175563,-25.092429542359223,0.32577128742,2.26e-16,2.580653897881288e+32,35.0,5.992,6.058812733157538,7.187637304460265e+30
J2129-5721,321.8803333333333,-66.80780555555555,326.3920743369181,-39.777377067240344,0.003726348483867234,2.0853281575502875e-20,1.5910496873876031e+34,31.8509,3.2,4.907457582768984,1.553759460339456e+33
J2136-1606,322.34486235833333,-57.353947730555554,338.00540635999795,-43.5695847334124,1.22723540015,1.6e-17,3.4174022164091115e+29,18.48,1.633,-3.4117838367819786e-06,1.2815150984644673e+29
J2139+00,324.0009166666667,-16.103611111111114,36.20428627406075,-43.55447909554641,0.31247,0.0,0.0,36.0,25.0,0.8138769825454801,0.0
J2139+2242,324.92499999999995,0.6,55.91224264928685,-36.2611488236726,1.08351351364,1.421e-15,4.410124174559492e+31,44.15971,4.933,-7.37123191356659e-05,1.8122937262251499e+30
J2143+0654,324.86208333333326,22.711666666666666,75.29298698352744,-21.9203096290492,9.428228878119159,4.089008989797202e-14,1.9261382315558694e+30,0.0,0.0,0.8107808618806303,0.0
J2144-3933,325.7640833333333,6.9048694444444445,62.65539768008072,-33.13903170129396,8.509827491,4.96e-16,3.177453066486135e+28,3.35,0.16,2.8012828399660066,1.2411926040961464e+30
J2144-5237,326.05025168333333,-39.5658014,2.7938980544490994,-49.46622203983637,0.005041453778519542,8.895689670332137e-21,2.740766209222826e+33,19.5465,1.659,1.9591440102085471,9.958162735646637e+32
J2145-0750,326.14854166666663,-52.61875833333333,343.43451962538825,-47.12342208574643,0.0160524239193813,2.9788e-20,2.8430154586539447e+32,8.99761,0.6134924724108959,2.299289651098661,7.553717602302769e+32
J2151+2315,326.460245,-7.8384761111111105,47.77670612277485,-42.083627167937024,0.593533613,7.08e-16,1.336771068227449e+32,23.6,1.911,1.1641532182693481e-10,3.6604599831908985e+31
J2154-2812,327.87041666666664,23.253555555555554,77.84887708605605,-23.47086629479353,1.3433614881,6.13e-16,9.982550830568794e+30,32.1,25.0,-0.0029474617913365364,1.597208132891007e+28
J2155+2813,328.57237499999997,-28.211388888888887,20.72790127261672,-50.98417308885131,1.6090199964,9.164e-16,8.684813425567646e+30,77.1309,25.0,3.259629011154175e-09,1.3895701480908234e+28
J2155-3118,328.8159166666666,28.220027777777776,82.13092537519051,-20.36978862471128,1.03000211203956,1.2408867739201842e-15,4.483090919056597e+31,14.85,1.298,-3.111606929451227e-05,2.660897599398266e+31
J2155-5641,328.80670875,-31.315184777777777,15.845448957553408,-51.5774137104091,1.373654387,4.23e-15,6.442696476039642e+31,14.0,1.043,14.025961584644392,5.922417979002273e+31
J2156+2618,328.7558333333333,-56.69916666666666,337.0455346151455,-47.053541685974714,0.49814907254,1.42e-17,4.53492493631152e+30,48.4433,6.103,0.8883273426909,1.2175403501326846e+29
J2202+21,329.0987666666667,26.30846388888889,80.97629875230284,-21.969193243879324,0.0,0.0,0.0,17.0,1.298,10.718007808784023,0.0
J2204+2700,330.5875,21.783333333333335,78.78889717163374,-26.251757660480376,0.08470261549132646,1.3057650189350125e-19,8.482703824805507e+30,35.074,3.196,5.20877276873216,8.304639075602075e+29
J2205+1444,331.18170416666663,27.015191666666666,82.99933167332506,-22.648553394303526,0.93801422813,9e-16,4.305008053860592e+31,36.717,6.043,0.8182888877345249,1.178877773951196e+30
J2209+22,331.32186249999995,14.742027777777777,73.88568106191798,-31.88471164008358,1.7769,0.0,0.0,46.3,25.0,0.0,0.0
J2212+2933,332.47499999999997,21.283333333333335,79.89984817640018,-27.785783121087757,1.0045925288525703,4.951669970198044e-16,1.9281534593634873e+31,74.5213,25.0,-0.015057229436933994,3.0850455349815796e+28
J2215+1538,333.09726833333326,29.551503055555557,86.1361098661307,-21.73086244093457,0.3741958930416,2.36723e-15,1.7836233239429752e+33,29.2404,3.142,-0.038977658841758966,1.8067197059762938e+32
J2222+2923,333.91522083333325,15.643022222222221,76.78332817480457,-32.92929907204779,0.28139914275418987,6.168548700583569e-18,1.0928848969756336e+31,49.4128,7.631,1.4984595108544454,1.8767720074404135e+29
J2222-0137,335.76342874999995,29.39962852777778,88.04994352155622,-23.241995157545308,0.03281785905434283,5.802358384831542e-20,6.480873580283908e+31,3.277,0.2672348289764191,0.9595736882183701,9.075016658105879e+32
J2227+30,335.52487125416667,-1.6210345583333334,62.018455404267335,-46.07528827261431,0.842408,0.0,0.0,19.0,1.359,2.192727245623246,0.0
J2228-65,336.87499999999994,30.6,89.65615579287935,-22.814874186423452,2.74598,0.0,0.0,36.0,25.0,0.17379561171401292,0.0
J2229+2643,337.07499999999993,-65.19638888888889,323.5292858863389,-45.79060809454,0.002977819295709249,1.5163267266006138e-21,2.2670312533982122e+33,22.7271,1.8,5.05788510479033,6.997010041352506e+32
J2234+0611,337.46201375,26.732684305555555,87.69304496788502,-26.28392480397233,0.0035765816316731076,1.2014186449005763e-20,1.0366918368550566e+34,10.7645,0.9708667281842333,0.8322468964615837,1.0998423613038703e+34
J2234+2114,338.59613787499995,6.191301758333333,72.99086896242436,-43.00569854905339,1.35874531269,2.22e-16,3.493803974005361e+30,35.08,4.472,0.14503943570889533,1.7470082051015503e+29
J2235+1506,338.73599999999993,21.238555555555557,85.13811330005164,-31.435460607618737,0.059767357984547,1.576e-19,2.914229667181926e+31,18.09,1.54,0.0,1.228803199182799e+31
J2236-5527,338.93208374999995,15.113627777777777,80.87834591573862,-36.44351996115189,0.006907549392921,9.6e-21,1.1498970838395825e+33,20.0,2.053,2.892994311405346,2.7282305884788197e+32
J2243+1518,339.2160458333333,-55.46356472222222,334.1660763300266,-52.71875263061772,0.596799464458,1.125e-16,2.0894259534601997e+31,42.13,25.0,0.0,3.3430815255363194e+28
J2248-0101,340.7906999999999,15.306975000000001,82.80897680016876,-37.3769425500858,0.4772331191229628,6.593518352872731e-16,2.3948881229269164e+32,29.05,3.999970920119041,6.959307938814163e-06,1.4968268405233809e+31
J2251-3711,342.1120245833333,-1.030023611111111,69.25596914901092,-50.61999192592726,12.12256493,1.31e-14,2.9030029394647532e+29,12.12,1.344,6.7151620965451,1.607122340176331e+29
J2253+1516,342.9333333333333,-37.196666666666665,3.604965065789982,-62.88292939718582,0.792235920118,6.65e-17,5.279803912593986e+30,29.2045,3.806,0.0,3.644854746173372e+29
J2305+3100,343.31055416666663,15.277175000000002,85.30503069903851,-38.80895639676843,1.5758863383593105,2.8924987405314124e-15,2.917818298501626e+31,49.5845,4.347794478390262,1.664339343085885,1.5435483229265224e+30
J2306+31,346.4930049999999,31.000355833333334,97.72095364833685,-26.657410243558445,0.3416,0.0,0.0,46.13,25.0,1.0673025781288743,0.0
J2307+2225,346.55,31.383333333333333,97.95864411598967,-26.335234032973908,0.535828895432,8.7e-18,2.232546943656949e+30,7.024,0.494,1.1641532182693481e-09,9.148432787199221e+30
J2317+2149,346.9220333333333,22.43058888888889,93.56959455823973,-34.458045411080874,1.4446531023167097,1.0470467092773874e-15,1.3709924693920346e+31,20.86959,1.9607700588818828,1.5766014815308154,3.5660032621753914e+30
J2322+2057,349.49100791666666,21.830005277777776,95.83142946271376,-36.07477900755023,0.0048084282894641,9.661e-21,3.430618206383149e+33,13.36,1.009,0.40585289208684117,3.3696908265483293e+33
J2322-2650,350.59306316666664,20.950743666666664,96.5146368551821,-37.31007093035368,0.0034630991790879,5.834e-22,5.5453807854444526e+32,6.149,0.22727107500676366,18.043931149179116,1.0736013301047423e+34
J2323+1241,350.64433349999996,-26.849532527777775,28.636953942654543,-70.22811232316343,3.7594914873614753,1.8472845550311224e-15,1.3724806129327985e+30,29.0,25.0,2.0406796208117157,2.1959689806924777e+27
J2324-6054,350.8400791666666,12.23686111111111,91.5951254249751,-45.208596098055196,2.3474883631250436,2.5813779575179617e-15,7.87772814932761e+30,14.0,1.207,4.34815192501992,5.407374511241459e+30
J2325-0530,351.11308333333324,-60.901609444444446,320.42503053124295,-53.17225025079985,0.8687351150250493,1.0286570542057492e-15,6.19395742892097e+31,14.966,1.495,1.3279848084785044,2.771314606736376e+31
J2329+16,351.31374999999997,-5.510833333333333,75.57906206731725,-60.199812972315186,0.6321,0.0,0.0,31.0,25.0,-1.1641532182693481e-10,0.0
J2330-2005,352.4583333333333,16.95,96.4144056658969,-41.68163145275677,1.6436221853269488,4.630379434658791e-15,4.116900144501986e+31,8.456,0.861,4.575673945830204,5.553464888357387e+31
J2336-01,352.6120208333333,-20.09156388888889,49.39448438430415,-70.18961492949401,1.0298,0.0,0.0,19.6,2.393,30.45753378898371,0.0
J2340+08,354.15,-1.85,84.42355959551374,-59.008063159037064,0.3033,0.0,0.0,24.0,3.288,-1.1918600648641586e-06,0.0
J2346-0609,355.18749999999994,8.55,94.82099385939976,-50.42337516671849,1.1814633829674592,1.3630531157485296e-15,3.262959762140746e+31,22.504,3.7036767778880004,-0.0002741889329627156,2.3787322531002594e+30
J2350+31,356.7104074999999,-6.166638611111112,83.79780971497146,-64.01460238718528,0.5081,0.0,0.0,39.14,5.233,2.110632940893993,0.0
J2351+8533,357.67499999999995,31.65,108.09333199209587,-29.4656212750193,1.0117271911102368,8.802890419393562e-16,3.3557899242077473e+31,38.5,2.618,0.39014980266802013,4.896158644606721e+30
J2354-22,357.7637241666667,85.55573933333334,121.67725466619618,22.831857798820575,0.557996,0.0,0.0,9.9,1.108,0.05896547983866185,0.0
J2355+2246,358.60833333333323,-22.864722222222223,48.081550841727754,-76.40858278139176,1.8409859072,3.78e-15,2.391663879716564e+31,23.1,2.163,3.7602148950099945e-07,5.111955984226297e+30
